INSERT INTO Instructor VALUES
(20021221, 'Noman Dan', 'Professor', 'NomanDan@douglascollege.ca', 7782233561),
(111111, 'raman', 'Professor', 'cc@douglascollege.ca', 8772222465),
(111211, 'Mandy', 'Professor', 'mc@douglascollege.ca', 1532222465),
(46854655, 'Ram', 'Professor', 'ram@douglascollege.ca', 8435454687),
(200212121, 'Noman Goghen', 'Associate Professor', 'NomanGoghen@douglascollege.ca', 7782233567),
(200234343, 'Katlin Peking', 'Research Professor', 'KatPeking@douglascollege.ca', 7782443759),
(200256565, 'Andy Carl Gupta', default, 'Andy.C.Gupta@douglascollege.ca', 7782443768);

INSERT INTO Student VALUES
(746465468, 'Wendy'),
(525738753, 'Wong'),
(895632581, 'Panveer'),
(300312121, 'Ryan Locus'),
(300334343, 'Jim Law'),
(300356565, 'Marie Hugo');

INSERT INTO Course VALUES
('CSIS1175', 'Introduction to programming', 3),
('CSIS1275', 'Introduction to programming II', 3),
('CSIS2175', 'Adv. Integrated Software Development', 3),
('CSIS2300', 'Database I', 3),
('BUSN2429', 'Business Statistics', 3),
('BUSN3431', 'Business Statistics II', 3),
('CSIS2200', 'System Analysis and Design', 3);

INSERT INTO `Schedule` VALUES
('2021-01-07', '10:30', '13:30'),
('2021-03-02', '09:30', '12:30'),
('2021-04-02', '13:30', '16:30'),
('2021-05-15', '18:30', '21:30'),
('2021-05-16', '18:30', '21:30'),
('2021-09-23', '09:30', '12:30'),
('2021-09-24', '10:30', '13:30'),
('2021-09-27', '09:30', '12:30'),
('2021-10-31', '12:30', '15:30'),
('2021-10-23', '11:30', '14:30'),
('2022-03-07', '11:30', '14:30'),
('2022-03-07', '15:30', '18:30'),
('2022-03-08', '15:30', '18:30'),
('2022-03-09', '14:30', '16:30'),
('2022-05-07', '11:30', '14:30'),
('2022-05-08', '13:30', '16:30'),
('2022-06-23', '09:30', '12:30'),
('2022-09-26', '09:30', '12:30'),
('2022-09-28', '12:30', '15:30'),
('2022-10-02', '18:30', '21:30'),
('2022-10-27', '09:30', '12:30'),
('2022-10-27', '12:30', '15:30'),
('2022-10-29', '09:30', '12:30'),
('2022-03-08', '16:30', '17:30'),
('2022-03-09', '16:30', '17:30'),
('2022-03-11', '17:30', '18:30'),
('2022-03-14', '10:30', '11:30'),
('2022-03-15', '16:30', '17:30'),
('2022-05-05', '11:30', '12:30'),
('2022-05-06', '14:30', '15:30');

INSERT INTO Semester VALUES
(2021, 'Winter'),
(2021, 'Summer'),
(2021, 'Fall'),
(2022, 'Winter'),
(2022, 'Summer'),
(2022, 'Fall');

INSERT INTO ROOM VALUES
('NEW WESTMINSTER', 'NW5017'),
('NEW WESTMINSTER', 'SW5024'),
('NEW WESTMINSTER', 'NW5105'),
('NEW WESTMINSTER', 'SW6105'),
('ANVIL TOWER', 'AOT619'),
('Anvil Tower', 'AOT507'),
('Anvil Tower', 'AOT809'),
('COQUITLAM', 'A6045'),
('COQUITLAM', 'B6145'),
('Coquitlam', 'D1023'),
('Coquitlam', 'C2016');

-- semester, course, section all have full participation
-- cardinality: N-N-N
INSERT INTO Course_Semester_Section VALUES 
(2021, 'Winter', 'CSIS1175', 01, 'Online'),
(2021, 'Winter', 'CSIS1175', 07, 'In-Person'),
(2021, 'Winter', 'CSIS2175', 03, 'Online'),
(2021, 'Winter', 'CSIS2300', 01, 'Online'),
(2021, 'Winter', 'CSIS2300', 07, 'In-Person'),
(2021, 'Winter', 'BUSN3431', 02, 'Online'),
(2021, 'Summer', 'CSIS2175', 01, 'Online'),
(2021, 'Summer', 'CSIS1275', 02, 'Online'),
(2021, 'Summer', 'BUSN3431', 02, 'Online'),
(2021, 'FALL', 'CSIS1175', 01, 'IN-PERSON'),
(2021, 'FALL', 'CSIS1175', 02, 'Online'),
(2021, 'FALL', 'CSIS1175', 03, 'Online'),
(2021, 'FALL', 'CSIS1175', 04, 'IN-PERSON'),
(2021, 'FALL', 'BUSN2429', 01, 'Online'),
(2021, 'FALL', 'BUSN2429', 02, 'Online'),
(2021, 'FALL', 'BUSN2429', 03, 'Online'),
(2021, 'FALL', 'BUSN2429', 07, 'Online'),
(2021, 'Fall', 'CSIS2200', 01, 'Online'),
(2021, 'Fall', 'CSIS2200', 02, 'In-Person'),
(2021, 'Fall', 'CSIS2200', 04, 'Online'),
(2021, 'Fall', 'CSIS2200', 07, 'In-Person'),
(2021, 'Fall', 'CSIS2300', 01, 'Online'),
(2021, 'Fall', 'CSIS2300', 03, 'Online'),
(2021, 'Fall', 'CSIS2300', 11, 'In-Person'),
(2021, 'Fall', 'CSIS2175', 01, 'Online'),
(2021, 'Fall', 'CSIS2175', 02, 'In-Person'),
(2022, 'Winter', 'CSIS2300', 01, 'In-Person'),
(2022, 'Winter', 'CSIS2300', 03, 'In-Person'),
(2022, 'Winter', 'CSIS2300', 05, 'In-Person'),
(2022, 'Winter', 'CSIS2175', 06, 'In-Person'),
(2022, 'WINTER', 'CSIS2175', 11, 'ONLINE'),
(2022, 'Winter', 'CSIS2175', 07, 'In-Person'),
(2022, 'WINTER', 'BUSN2429', 01, 'In-Person'),
(2022, 'WINTER', 'BUSN2429', 02, 'In-Person'),
(2022, 'SUMMER', 'CSIS2175', 01, 'In-Person'),
(2022, 'SUMMER', 'CSIS2175', 11, 'ONLINE'),
(2022, 'SUMMER', 'BUSN3431', 01, 'In-Person'),
(2022, 'SUMMER', 'BUSN3431', 03, 'ONLINE'),
(2022, 'FALL', 'BUSN2429', 01, 'IN-PERSON'),
(2022, 'FALL', 'BUSN2429', 02, 'IN-PERSON'),
(2022, 'FALL', 'BUSN2429', 05, 'IN-PERSON'),
(2022, 'FALL', 'BUSN2429', 07, 'IN-PERSON'),
(2022, 'FALL', 'BUSN3431', 01, 'IN-PERSON'),
(2022, 'FALL', 'CSIS1175', 01, 'IN-PERSON'),
(2022, 'FALL', 'CSIS1175', 03, 'IN-PERSON'),
(2022, 'FALL', 'CSIS1175', 04, 'IN-PERSON'),
(2022, 'FALL', 'CSIS1175', 07, 'IN-PERSON'),
(2022, 'FALL', 'CSIS1175', 11, 'ONLINE'),
(2022, 'FALL', 'CSIS2175', 01, 'IN-PERSON'),
(2022, 'FALL', 'CSIS2175', 03, 'ONLINE'),
(2022, 'Fall', 'CSIS2200', 01, 'In-Person'),
(2022, 'Fall', 'CSIS2200', 03, 'In-Person'),
(2022, 'Fall', 'CSIS2200', 05, 'Online'),
(2022, 'Fall', 'CSIS2200', 07, 'In-Person'),
(2022, 'Fall', 'CSIS2200', 09, 'In-Person'),
(2022, 'Fall', 'CSIS2300', 01, 'In-Person'),
(2022, 'Fall', 'CSIS2300', 02, 'In-Person'),
(2022, 'Fall', 'CSIS2300', 03, 'In-Person');

-- both instructor and student have partial participation
-- both student and instructor can have multiple appointments
-- one appointment accomondate one instructor and one student
INSERT INTO Instructor_Student_Appointment VALUES
(46854655, 746465468, '2022-10-10', '12:30-13:00', 'MATH'),
(46854655, 746465468, '2022-10-10', '13:30-14:00', NULL),
(20021221, 895632581, '2022-8-1', '13:00-16:00', 'CSIS'),
(20021221, 895632581, '2022-8-2', '09:40-10:30', 'CSIS'),
(200212121, 300312121, '2020-02-25', '15:30-16:00', NULL),
(200256565, 300334343, '2022-03-04', '10:00-10:30', 'Database I'),
(200256565, 300312121, '2022-03-05', '11:00-11:30', NULL),
(200256565, 300334343, '2022-03-05', '14:00-14:30', 'Database I'),
(200256565, 300356565, '2022-03-05', '15:00-15:30', 'CSIS2300');

-- both instructor and schedule have full participation
-- cardinality: N-N
INSERT INTO Instructor_Has_Schedule VALUES
(20021221, '2021-01-07', '10:30', '13:30'),
(20021221, '2021-03-02', '09:30', '12:30'),
(111111, '2021-03-02', '09:30', '12:30'),
(111211, '2021-10-31', '12:30', '15:30'),
(111211, '2021-10-23', '11:30', '14:30'),
(46854655, '2021-05-15', '18:30', '21:30'),
(46854655, '2021-05-16', '18:30', '21:30'),
(46854655, '2021-09-23', '09:30', '12:30'),
(46854655, '2021-09-24', '10:30', '13:30'),
(46854655, '2021-09-27', '09:30', '12:30'),
(200212121, '2022-06-23', '09:30', '12:30'),
(200212121, '2022-03-09', '16:30', '17:30'),
(200234343, '2022-05-05', '11:30', '12:30'),
(200234343, '2022-05-06', '14:30', '15:30'),
(200234343, '2022-05-07', '11:30', '14:30'),
(200234343, '2022-05-08', '13:30', '16:30'),
(200234343, '2022-09-26', '09:30', '12:30'),
(200234343, '2022-09-28', '12:30', '15:30'),
(20021221, '2022-06-23', '09:30', '12:30'),
(20021221, '2022-03-08', '16:30', '17:30'),
(20021221, '2022-03-14', '10:30', '11:30'),
(200256565, '2022-03-07', '11:30', '14:30'),
(200256565, '2022-03-07', '15:30', '18:30'),
(200256565, '2022-03-08', '15:30', '18:30'),
(200256565, '2022-03-09', '14:30', '16:30'),
(200256565, '2022-03-11', '17:30', '18:30'),
(200256565, '2022-03-15', '16:30', '17:30'),
(200256565, '2022-10-27', '09:30', '12:30'),
(200256565, '2022-10-27', '12:30', '15:30'),
(200256565, '2022-10-29', '09:30', '12:30');

-- both teaching and section have full participation
-- cardinality: N-N
INSERT INTO Teaching_Involve_Section VALUES
('2021-01-07', '10:30', '13:30', 2021, 'Winter', 'CSIS1175', 01),
('2021-03-02', '09:30', '12:30', 2021, 'Winter', 'CSIS1175', 07),
('2021-04-02', '13:30', '16:30', 2021, 'Winter', 'CSIS2175', 03),
('2021-01-07', '10:30', '13:30', 2021, 'Winter', 'CSIS2300', 01),
('2021-03-02', '09:30', '12:30', 2021, 'Winter', 'CSIS2300', 07),
('2021-04-02', '13:30', '16:30', 2021, 'Winter', 'BUSN3431', 02),
('2021-05-15', '18:30', '21:30', 2021, 'Summer', 'CSIS2175', 01),
('2021-05-15', '18:30', '21:30', 2021, 'Summer', 'CSIS1275', 02),
('2021-05-15', '18:30', '21:30', 2021, 'Summer', 'BUSN3431', 02),
('2021-09-23', '09:30', '12:30', 2021, 'FALL', 'CSIS1175', 01),
('2021-10-31', '12:30', '15:30', 2021, 'FALL', 'CSIS1175', 02),
('2021-10-23', '11:30', '14:30', 2021, 'FALL', 'CSIS1175', 03),
('2021-09-24', '10:30', '13:30', 2021, 'FALL', 'CSIS1175', 04),
('2021-09-27', '09:30', '12:30', 2021, 'FALL', 'BUSN2429', 01),
('2021-09-23', '09:30', '12:30', 2021, 'FALL', 'BUSN2429', 02),
('2021-10-31', '12:30', '15:30', 2021, 'FALL', 'BUSN2429', 03),
('2021-09-24', '10:30', '13:30', 2021, 'FALL', 'BUSN2429', 07),
('2021-09-23', '09:30', '12:30', 2021, 'Fall', 'CSIS2200', 01),
('2021-09-24', '10:30', '13:30', 2021, 'Fall', 'CSIS2200', 02),
('2021-09-27', '09:30', '12:30', 2021, 'Fall', 'CSIS2200', 04),
('2021-10-31', '12:30', '15:30', 2021, 'Fall', 'CSIS2200', 07),
('2021-10-23', '11:30', '14:30', 2021, 'Fall', 'CSIS2300', 01),
('2021-09-23', '09:30', '12:30', 2021, 'Fall', 'CSIS2300', 03),
('2021-09-27', '09:30', '12:30', 2021, 'Fall', 'CSIS2300', 11),
('2021-09-24', '10:30', '13:30', 2021, 'Fall', 'CSIS2175', 01),
('2021-09-27', '09:30', '12:30', 2021, 'Fall', 'CSIS2175', 02),
('2022-03-07', '11:30', '14:30', 2022, 'Winter', 'CSIS2300', 01),
('2022-03-08', '15:30', '18:30', 2022, 'Winter', 'CSIS2300', 03),
('2022-03-09', '14:30', '16:30', 2022, 'Winter', 'CSIS2300', 05),
('2022-03-07', '15:30', '18:30', 2022, 'Winter', 'CSIS2175', 06),
('2022-03-07', '11:30', '14:30', 2022, 'WINTER', 'CSIS2175', 11),
('2022-03-09', '14:30', '16:30', 2022, 'Winter', 'CSIS2175', 07),
('2022-03-07', '15:30', '18:30', 2022, 'WINTER', 'BUSN2429', 01),
('2022-03-08', '15:30', '18:30', 2022, 'WINTER', 'BUSN2429', 02),
('2022-05-07', '11:30', '14:30', 2022, 'SUMMER', 'CSIS2175', 01),
('2022-05-08', '13:30', '16:30', 2022, 'SUMMER', 'CSIS2175', 11),
('2022-05-07', '11:30', '14:30', 2022, 'SUMMER', 'BUSN3431', 01),
('2022-06-23', '09:30', '12:30', 2022, 'SUMMER', 'BUSN3431', 03),
('2022-09-26', '09:30', '12:30', 2022, 'FALL', 'BUSN2429', 01),
('2022-09-28', '12:30', '15:30', 2022, 'FALL', 'BUSN2429', 02),
('2022-10-02', '18:30', '21:30', 2022, 'FALL', 'BUSN2429', 05),
('2022-10-27', '09:30', '12:30', 2022, 'FALL', 'BUSN2429', 07),
('2022-10-27', '12:30', '15:30', 2022, 'FALL', 'BUSN3431', 01),
('2022-09-26', '09:30', '12:30', 2022, 'FALL', 'CSIS1175', 01),
('2022-09-28', '12:30', '15:30', 2022, 'FALL', 'CSIS1175', 03),
('2022-10-02', '18:30', '21:30', 2022, 'FALL', 'CSIS1175', 04),
('2022-10-27', '09:30', '12:30', 2022, 'FALL', 'CSIS1175', 07),
('2022-10-29', '09:30', '12:30', 2022, 'FALL', 'CSIS1175', 11),
('2022-10-27', '09:30', '12:30', 2022, 'FALL', 'CSIS2175', 01),
('2022-10-29', '09:30', '12:30', 2022, 'FALL', 'CSIS2175', 03),
('2022-09-26', '09:30', '12:30', 2022, 'Fall', 'CSIS2200', 01),
('2022-09-28', '12:30', '15:30', 2022, 'Fall', 'CSIS2200', 03),
('2022-10-27', '09:30', '12:30', 2022, 'Fall', 'CSIS2200', 05),
('2022-10-27', '12:30', '15:30', 2022, 'Fall', 'CSIS2200', 07),
('2022-10-29', '09:30', '12:30', 2022, 'Fall', 'CSIS2200', 09),
('2022-10-02', '18:30', '21:30', 2022, 'Fall', 'CSIS2300', 01),
('2022-10-27', '12:30', '15:30', 2022, 'Fall', 'CSIS2300', 02),
('2022-10-29', '09:30', '12:30', 2022, 'Fall', 'CSIS2300', 03);

-- both section and room have partial participation
-- cardinality: N-N
INSERT INTO Section_Locate_Room VALUES
(2021, 'Winter', 'CSIS1175', 07, 'NEW WESTMINSTER', 'NW5017'),
(2021, 'Winter', 'CSIS2300', 07, 'NEW WESTMINSTER', 'NW5105'),
(2021, 'FALL', 'CSIS1175', 01, 'NEW WESTMINSTER', 'SW6105'),
(2021, 'FALL', 'CSIS1175', 04, 'NEW WESTMINSTER', 'SW6105'),
(2021, 'Fall', 'CSIS2200', 02, 'ANVIL TOWER', 'AOT619'),
(2021, 'Fall', 'CSIS2200', 07, 'ANVIL TOWER', 'AOT619'),
(2021, 'Fall', 'CSIS2300', 11, 'NEW WESTMINSTER', 'NW5105'),
(2021, 'Fall', 'CSIS2175', 02, 'COQUITLAM', 'A6045'),
(2022, 'Winter', 'CSIS2300', 01, 'NEW WESTMINSTER', 'NW5017'),
(2022, 'Winter', 'CSIS2300', 03, 'NEW WESTMINSTER', 'NW5017'),
(2022, 'Winter', 'CSIS2300', 05, 'NEW WESTMINSTER', 'NW5105'),
(2022, 'Winter', 'CSIS2175', 06, 'NEW WESTMINSTER', 'SW6105'),
(2022, 'Winter', 'CSIS2175', 07, 'NEW WESTMINSTER', 'SW6105'),
(2022, 'WINTER', 'BUSN2429', 01, 'Anvil Tower', 'AOT809'),
(2022, 'WINTER', 'BUSN2429', 02, 'Anvil Tower', 'AOT809'),
(2022, 'SUMMER', 'CSIS2175', 01, 'COQUITLAM', 'B6145'),
(2022, 'SUMMER', 'BUSN3431', 01, 'ANVIL TOWER', 'AOT619'),
(2022, 'FALL', 'BUSN2429', 01, 'Anvil Tower', 'AOT809'),
(2022, 'FALL', 'BUSN2429', 02, 'Anvil Tower', 'AOT809'),
(2022, 'FALL', 'BUSN2429', 05, 'Anvil Tower', 'AOT809'),
(2022, 'FALL', 'BUSN2429', 07, 'Anvil Tower', 'AOT809'),
(2022, 'FALL', 'BUSN3431', 01, 'Anvil Tower', 'AOT507'),
(2022, 'FALL', 'CSIS1175', 01, 'NEW WESTMINSTER', 'SW6105'),
(2022, 'FALL', 'CSIS1175', 03, 'NEW WESTMINSTER', 'SW6105'),
(2022, 'FALL', 'CSIS1175', 04, 'Coquitlam', 'C2016'),
(2022, 'FALL', 'CSIS1175', 07, 'Coquitlam', 'C2016'),
(2022, 'FALL', 'CSIS2175', 01, 'NEW WESTMINSTER', 'NW5105'),
(2022, 'Fall', 'CSIS2200', 01, 'ANVIL TOWER', 'AOT619'),
(2022, 'Fall', 'CSIS2200', 03, 'ANVIL TOWER', 'AOT619'),
(2022, 'Fall', 'CSIS2200', 07, 'Anvil Tower', 'AOT507'),
(2022, 'Fall', 'CSIS2200', 09, 'Anvil Tower', 'AOT507'),
(2022, 'Fall', 'CSIS2300', 01, 'NEW WESTMINSTER', 'NW5105'),
(2022, 'Fall', 'CSIS2300', 02, 'NEW WESTMINSTER', 'NW5017'),
(2022, 'Fall', 'CSIS2300', 03, 'COQUITLAM', 'A6045');

-- office hours have full participation, while room have partial participation
INSERT INTO OfficeHours_Locate_Room VALUES
('2022-03-08', '16:30', '17:30', 'NEW WESTMINSTER', 'SW5024'),
('2022-03-09', '16:30', '17:30', 'NEW WESTMINSTER', 'SW6105'),
('2022-03-11', '17:30', '18:30', 'ANVIL TOWER', 'AOT619'),
('2022-03-14', '10:30', '11:30', 'Anvil Tower', 'AOT809'),
('2022-03-15', '16:30', '17:30', 'COQUITLAM', 'A6045'),
('2022-05-05', '11:30', '12:30', 'COQUITLAM', 'B6145'),
('2022-05-06', '14:30', '15:30', 'Coquitlam', 'C2016');
